{"cameraMode":{"drawMode":0,"name":"Shaded","section":"Shading Mode"},"sceneLighting":true,"audioPlay":false,"sceneViewState":{"showFog":true,"showMaterialUpdate":false,"showSkybox":true,"showFlares":true,"showImageEffects":true,"showParticleSystems":true},"in2DMode":false,"pivot":{"x":0.1608414649963379,"y":-0.13465356826782227,"z":-0.38786745071411135},"rotation":{"x":0.028492262586951257,"y":0.016492346301674844,"z":-0.0004703379236161709,"w":0.999457836151123},"size":4.343210697174072,"orthographic":false}