{"cameraMode":{"drawMode":0,"name":"Shaded","section":"Shading Mode"},"sceneLighting":true,"audioPlay":false,"sceneViewState":{"showFog":true,"showMaterialUpdate":false,"showSkybox":true,"showFlares":true,"showImageEffects":true,"showParticleSystems":true},"in2DMode":false,"pivot":{"x":-1.49373197555542,"y":0.22432571649551392,"z":1.8383617401123047},"rotation":{"x":0.04495605081319809,"y":-0.03595579043030739,"z":0.0016191164031624795,"w":0.9983404278755188},"size":6.71447229385376,"orthographic":false}