{"cameraMode":{"drawMode":0,"name":"Shaded","section":"Shading Mode"},"sceneLighting":true,"audioPlay":false,"sceneViewState":{"showFog":true,"showMaterialUpdate":false,"showSkybox":true,"showFlares":true,"showImageEffects":true,"showParticleSystems":true},"in2DMode":false,"pivot":{"x":-513.2608032226563,"y":-344.3178405761719,"z":5.811612606048584},"rotation":{"x":-0.01697058230638504,"y":-0.33249837160110476,"z":0.005995142739266157,"w":-0.94293212890625},"size":4.937878608703613,"orthographic":true}