{"cameraMode":{"drawMode":0,"name":"Shaded","section":"Shading Mode"},"sceneLighting":true,"audioPlay":false,"sceneViewState":{"showFog":true,"showMaterialUpdate":false,"showSkybox":true,"showFlares":true,"showImageEffects":true,"showParticleSystems":true},"in2DMode":false,"pivot":{"x":-513.2608032226563,"y":-344.3178405761719,"z":5.811612606048584},"rotation":{"x":-0.06767235696315766,"y":-0.8815438747406006,"z":0.13323722779750825,"w":-0.4478265047073364},"size":2.678738594055176,"orthographic":true}