{"cameraMode":{"drawMode":0,"name":"Shaded","section":"Shading Mode"},"sceneLighting":true,"audioPlay":false,"sceneViewState":{"showFog":true,"showMaterialUpdate":false,"showSkybox":true,"showFlares":true,"showImageEffects":true,"showParticleSystems":true},"in2DMode":false,"pivot":{"x":-513.2608032226563,"y":-344.3178405761719,"z":5.811612606048584},"rotation":{"x":0.14704284071922303,"y":0.22257325053215028,"z":-0.03399120643734932,"w":0.9631636738777161},"size":8.086357116699219,"orthographic":true}