{"cameraMode":{"drawMode":0,"name":"Shaded","section":"Shading Mode"},"sceneLighting":true,"audioPlay":false,"sceneViewState":{"showFog":true,"showMaterialUpdate":false,"showSkybox":true,"showFlares":true,"showImageEffects":true,"showParticleSystems":true},"in2DMode":false,"pivot":{"x":-513.2608032226563,"y":-344.3178405761719,"z":5.811612606048584},"rotation":{"x":0.000006717531505273655,"y":-0.6272001266479492,"z":-0.000009076487003767397,"w":0.7788581848144531},"size":4.9077253341674809,"orthographic":true}