{"cameraMode":{"drawMode":2,"name":"Shaded Wireframe","section":"Shading Mode"},"sceneLighting":true,"audioPlay":false,"sceneViewState":{"showFog":true,"showMaterialUpdate":false,"showSkybox":true,"showFlares":true,"showImageEffects":true,"showParticleSystems":true},"in2DMode":false,"pivot":{"x":-513.2688598632813,"y":-344.2770690917969,"z":5.805612564086914},"rotation":{"x":-0.12665292620658875,"y":-0.8706901669502258,"z":0.37049493193626406,"w":-0.2976427674293518},"size":11.425846099853516,"orthographic":false}