{"cameraMode":{"drawMode":0,"name":"Shaded","section":"Shading Mode"},"sceneLighting":true,"audioPlay":false,"sceneViewState":{"showFog":true,"showMaterialUpdate":false,"showSkybox":true,"showFlares":true,"showImageEffects":true,"showParticleSystems":true},"in2DMode":false,"pivot":{"x":-2.6699981689453127,"y":1.3600006103515626,"z":1.7900009155273438},"rotation":{"x":0.08240670710802078,"y":-0.0014948995085433126,"z":0.000123583318782039,"w":0.9965977072715759},"size":1.796128273010254,"orthographic":false}