{"cameraMode":{"drawMode":0,"name":"Shaded","section":"Shading Mode"},"sceneLighting":true,"audioPlay":false,"sceneViewState":{"showFog":true,"showMaterialUpdate":false,"showSkybox":true,"showFlares":true,"showImageEffects":true,"showParticleSystems":true},"in2DMode":false,"pivot":{"x":-513.2608032226563,"y":-344.3178405761719,"z":5.811612606048584},"rotation":{"x":-0.034695617854595187,"y":-0.5624563097953796,"z":0.02364608459174633,"w":-0.8257602453231812},"size":2.8899781703948976,"orthographic":true}