{"cameraMode":{"drawMode":0,"name":"Shaded","section":"Shading Mode"},"sceneLighting":true,"audioPlay":false,"sceneViewState":{"showFog":true,"showMaterialUpdate":false,"showSkybox":true,"showFlares":true,"showImageEffects":true,"showParticleSystems":true},"in2DMode":false,"pivot":{"x":0.02527451515197754,"y":-0.01044154167175293,"z":-0.012850165367126465},"rotation":{"x":0.10778455436229706,"y":0.009931360371410847,"z":-0.001087406650185585,"w":0.9941241145133972},"size":5.070657730102539,"orthographic":true}