{"cameraMode":{"drawMode":0,"name":"Shaded","section":"Shading Mode"},"sceneLighting":true,"audioPlay":false,"sceneViewState":{"showFog":true,"showMaterialUpdate":false,"showSkybox":true,"showFlares":true,"showImageEffects":true,"showParticleSystems":true},"in2DMode":false,"pivot":{"x":-512.952880859375,"y":-344.8616943359375,"z":6.083432197570801},"rotation":{"x":-0.1388276070356369,"y":0.6227724552154541,"z":-0.11352445930242539,"w":-0.7615731358528137},"size":12.185548782348633,"orthographic":false}