{"cameraMode":{"drawMode":0,"name":"Shaded","section":"Shading Mode"},"sceneLighting":true,"audioPlay":false,"sceneViewState":{"showFog":true,"showMaterialUpdate":false,"showSkybox":true,"showFlares":true,"showImageEffects":true,"showParticleSystems":true},"in2DMode":false,"pivot":{"x":-511.08062744140627,"y":-344.21856689453127,"z":7.046239376068115},"rotation":{"x":0.04804982990026474,"y":-0.7001856565475464,"z":0.04733443632721901,"w":0.7107678055763245},"size":11.342214584350586,"orthographic":true}