{"cameraMode":{"drawMode":0,"name":"Shaded","section":"Shading Mode"},"sceneLighting":true,"audioPlay":false,"sceneViewState":{"showFog":true,"showMaterialUpdate":false,"showSkybox":true,"showFlares":true,"showImageEffects":true,"showParticleSystems":true},"in2DMode":false,"pivot":{"x":0.04408794641494751,"y":-0.025631487369537355,"z":-0.008405506610870362},"rotation":{"x":0.03896299749612808,"y":0.036953892558813098,"z":-0.0014524363214150072,"w":0.9985560774803162},"size":6.155601978302002,"orthographic":true}